{
  "method": "robust_scaler",
  "median": {
    "open": 103195.225,
    "high": 103490.165,
    "low": 102827.79000000001,
    "close": 103200.13,
    "volume": 642.374965,
    "ind_EMA": 103412.99856232436,
    "ind_RSI_14": 50.34122228254871,
    "ind_MACD_12_26_9": 14.597685990178434,
    "ind_MACD_SIGNAL_12_26_9": 13.994156895029477,
    "ind_MACD_hist": -3.564854271619076,
    "pat_DOJI": 0.0,
    "pat_ENGULFING": 0.0
  },
  "iqr": {
    "open": 20149.9075,
    "high": 20101.295,
    "low": 20266.42,
    "close": 20142.992499999993,
    "volume": 708.7839200000001,
    "ind_EMA": 20308.262457831457,
    "ind_RSI_14": 15.85795286931613,
    "ind_MACD_12_26_9": 543.0310712542741,
    "ind_MACD_SIGNAL_12_26_9": 512.9199063643874,
    "ind_MACD_hist": 173.271169582846,
    "pat_DOJI": 1.0,
    "pat_ENGULFING": 1.0
  }
}