{
  "method": "power_transformer",
  "pt_method": "yeo-johnson",
  "lambdas": {
    "open": 1.2627221274211,
    "high": 1.2603450417524609,
    "low": 1.2697194638935123,
    "close": 1.2670894638956192,
    "volume": -0.14534487046509015,
    "ind_EMA": 1.2749091841089655,
    "ind_RSI_14": 1.0533761546503826,
    "ind_MACD_12_26_9": 1.0173811481282014,
    "ind_MACD_SIGNAL_12_26_9": 1.0174202621842061,
    "ind_MACD_hist": 0.9979345232217709,
    "pat_DOJI": -1.5154689319487915,
    "pat_ENGULFING": 1.0052468782006148
  }
}