{
  "method": "winsorization",
  "lower_pct": 0.01,
  "upper_pct": 0.99,
  "lower_bounds": {
    "open": 79342.7395,
    "high": 79876.1293,
    "low": 78892.28970000001,
    "close": 79325.4767,
    "volume": 130.0857497,
    "ind_EMA": 80061.34864742504,
    "ind_RSI_14": 21.3606699883899,
    "ind_MACD_12_26_9": -1503.0096837685667,
    "ind_MACD_SIGNAL_12_26_9": -1392.39887508695,
    "ind_MACD_hist": -440.5627950562623,
    "pat_DOJI": 0.0,
    "pat_ENGULFING": -100.0
  },
  "upper_bounds": {
    "open": 122738.2926,
    "high": 123124.2193,
    "low": 122465.3608,
    "close": 122738.30040000001,
    "volume": 5063.408742799985,
    "ind_EMA": 122642.52348932058,
    "ind_RSI_14": 78.52902975572385,
    "ind_MACD_12_26_9": 1236.0746458107792,
    "ind_MACD_SIGNAL_12_26_9": 1121.4319137503787,
    "ind_MACD_hist": 427.3972759770582,
    "pat_DOJI": 100.0,
    "pat_ENGULFING": 100.0
  }
}