{
  "method": "maxabs_scaler",
  "max_abs": {
    "open": 126011.18,
    "high": 126199.63,
    "low": 125252.74,
    "close": 126011.18,
    "volume": 22932.63034,
    "ind_EMA": 124031.47673128858,
    "ind_RSI_14": 89.99394123102675,
    "ind_MACD_12_26_9": 2434.5334785931045,
    "ind_MACD_SIGNAL_12_26_9": 2230.2798034168477,
    "ind_MACD_hist": 947.873490910273,
    "pat_DOJI": 100.0,
    "pat_ENGULFING": 100.0
  }
}