{
  "method": "power_transformer",
  "pt_method": "yeo-johnson",
  "lambdas": {
    "open": 1.3118936721849648,
    "high": 1.30948409976831,
    "low": 1.3180087640193099,
    "close": 1.315415106280965,
    "volume": -0.14286910773599135,
    "ind_EMA": 1.3244027327952053,
    "ind_RSI_14": 1.0523260080379477,
    "ind_MACD_12_26_9": 1.0171631116005682,
    "ind_MACD_SIGNAL_12_26_9": 1.017061297259442,
    "ind_MACD_hist": 0.9977447130287541,
    "pat_DOJI": -1.4995152518490886,
    "pat_ENGULFING": 1.0050020751121789
  }
}