{
  "method": "robust_scaler",
  "median": {
    "open": 103647.795,
    "high": 103933.33,
    "low": 103338.67499999999,
    "close": 103647.795,
    "volume": 598.7861,
    "ind_EMA": 103657.818469093,
    "ind_RSI_14": 50.34885676613669,
    "ind_MACD_12_26_9": 15.03315287669102,
    "ind_MACD_SIGNAL_12_26_9": 13.87514640912336,
    "ind_MACD_hist": -1.0563973798133475,
    "pat_DOJI": 0.0,
    "pat_ENGULFING": 0.0
  },
  "iqr": {
    "open": 19811.147499999992,
    "high": 19796.62000000001,
    "low": 19904.28,
    "close": 19811.852500000008,
    "volume": 664.7671150000001,
    "ind_EMA": 20165.258567806188,
    "ind_RSI_14": 15.549304619728069,
    "ind_MACD_12_26_9": 520.2777065088449,
    "ind_MACD_SIGNAL_12_26_9": 492.1042894053807,
    "ind_MACD_hist": 165.38288894017137,
    "pat_DOJI": 1.0,
    "pat_ENGULFING": 1.0
  }
}