{
  "method": "standard_scaler",
  "mean": {
    "open": 101394.60401050081,
    "high": 101711.65048330641,
    "low": 101066.74120355413,
    "close": 101392.2746526656,
    "volume": 924.3125303091008,
    "ind_EMA": 101432.17928835237,
    "ind_RSI_14": 50.34092311369638,
    "ind_MACD_12_26_9": -10.824873556099108,
    "ind_MACD_SIGNAL_12_26_9": -9.391736822129168,
    "ind_MACD_hist": -1.4331367339699321,
    "pat_DOJI": 14.351103931071622,
    "pat_ENGULFING": -0.6273559504577275
  },
  "std": {
    "open": 11786.227805251443,
    "high": 11759.57424152432,
    "low": 11807.185315570763,
    "close": 11786.178537208181,
    "volume": 1032.535810266067,
    "ind_EMA": 11663.141096910213,
    "ind_RSI_14": 11.988520567150516,
    "ind_MACD_12_26_9": 505.2407839115975,
    "ind_MACD_SIGNAL_12_26_9": 470.38367088161334,
    "ind_MACD_hist": 161.02761499696194,
    "pat_DOJI": 35.05932413876147,
    "pat_ENGULFING": 38.12775855159778
  }
}