{
  "method": "winsorization",
  "lower_pct": 0.01,
  "upper_pct": 0.99,
  "lower_bounds": {
    "open": 79497.7245,
    "high": 79944.399,
    "low": 78963.886,
    "close": 79465.2086,
    "volume": 125.92569789999999,
    "ind_EMA": 80101.35925111306,
    "ind_RSI_14": 21.81708543999709,
    "ind_MACD_12_26_9": -1483.685737577415,
    "ind_MACD_SIGNAL_12_26_9": -1382.2435562497333,
    "ind_MACD_hist": -434.7824287673874,
    "pat_DOJI": 0.0,
    "pat_ENGULFING": -100.0
  },
  "upper_bounds": {
    "open": 122728.7472,
    "high": 123097.5025,
    "low": 122368.81859999998,
    "close": 122728.7399,
    "volume": 5048.468925599987,
    "ind_EMA": 122606.71872292786,
    "ind_RSI_14": 78.38960481244848,
    "ind_MACD_12_26_9": 1225.2492774225377,
    "ind_MACD_SIGNAL_12_26_9": 1120.331160630604,
    "ind_MACD_hist": 423.5082428428609,
    "pat_DOJI": 100.0,
    "pat_ENGULFING": 100.0
  }
}