{
  "method": "minmax_scaler",
  "min": {
    "open": 74810.0,
    "high": 75491.06,
    "low": 74508.0,
    "close": 74810.01,
    "volume": 55.66311,
    "ind_EMA": 77877.60921554865,
    "ind_RSI_14": 12.083759452998573,
    "ind_MACD_12_26_9": -2434.5334785931045,
    "ind_MACD_SIGNAL_12_26_9": -2230.2798034168477,
    "ind_MACD_hist": -947.873490910273,
    "pat_DOJI": 0.0,
    "pat_ENGULFING": -100.0
  },
  "max": {
    "open": 126011.18,
    "high": 126199.63,
    "low": 125252.74,
    "close": 126011.18,
    "volume": 22932.63034,
    "ind_EMA": 124031.47673128858,
    "ind_RSI_14": 89.60982370771914,
    "ind_MACD_12_26_9": 2390.73592191872,
    "ind_MACD_SIGNAL_12_26_9": 1991.8154584346753,
    "ind_MACD_hist": 874.2213213174894,
    "pat_DOJI": 100.0,
    "pat_ENGULFING": 100.0
  },
  "feature_range": [
    0,
    1
  ]
}