{
  "method": "standard_scaler",
  "mean": {
    "open": 101291.77148783978,
    "high": 101612.84916738198,
    "low": 100957.7779427754,
    "close": 101287.95554077254,
    "volume": 942.37854793505,
    "ind_EMA": 101342.7733036497,
    "ind_RSI_14": 50.26202342837131,
    "ind_MACD_12_26_9": -14.36447646787369,
    "ind_MACD_SIGNAL_12_26_9": -11.885009357563087,
    "ind_MACD_hist": -2.4794671103106056,
    "pat_DOJI": 14.206008583690988,
    "pat_ENGULFING": -0.6351931330472103
  },
  "std": {
    "open": 11814.64379723939,
    "high": 11787.28717754662,
    "low": 11836.239647713248,
    "close": 11815.044182249583,
    "volume": 1047.151329493595,
    "ind_EMA": 11691.340116990554,
    "ind_RSI_14": 12.08139077271545,
    "ind_MACD_12_26_9": 511.6699679649466,
    "ind_MACD_SIGNAL_12_26_9": 474.785954328115,
    "ind_MACD_hist": 163.43679416802806,
    "pat_DOJI": 34.91117555295433,
    "pat_ENGULFING": 38.092537996304415
  }
}