{
  "method": "standard_scaler",
  "mean": {
    "open": 101675.21459338388,
    "high": 101980.65607741787,
    "low": 101360.2026384103,
    "close": 101674.13250861476,
    "volume": 881.6825867087066,
    "ind_EMA": 101694.93804156392,
    "ind_RSI_14": 50.41383501389242,
    "ind_MACD_12_26_9": -6.0664577237706245,
    "ind_MACD_SIGNAL_12_26_9": -5.794540692841027,
    "ind_MACD_hist": -0.27191703092959496,
    "pat_DOJI": 14.56466804502642,
    "pat_ENGULFING": -0.6018837583275901
  },
  "std": {
    "open": 11728.247093627366,
    "high": 11704.032218063036,
    "low": 11748.724035242825,
    "close": 11729.118509750266,
    "volume": 994.0031612851603,
    "ind_EMA": 11611.764082385449,
    "ind_RSI_14": 11.842325698924904,
    "ind_MACD_12_26_9": 492.83463711923486,
    "ind_MACD_SIGNAL_12_26_9": 460.3236453813932,
    "ind_MACD_hist": 157.95481160778783,
    "pat_DOJI": 35.27516476560851,
    "pat_ENGULFING": 38.19985369799731
  }
}