{
  "none": {
    "n_train": 4893,
    "n_val": 1048,
    "n_test": 1049,
    "models": {
      "linear_regression": {
        "mae": 0.008409798172698447,
        "rmse": 0.011922711820575875
      },
      "xgboost": {
        "mae": 0.00997276639655197,
        "rmse": 0.013594630091087764
      },
      "lightgbm": {
        "mae": 0.009088743310706447,
        "rmse": 0.012682296621414598
      }
    }
  },
  "standard_scaler": {
    "n_train": 4893,
    "n_val": 1048,
    "n_test": 1049,
    "models": {
      "linear_regression": {
        "mae": 0.008409798172698447,
        "rmse": 0.011922711820575875
      },
      "xgboost": {
        "mae": 0.00997276639655197,
        "rmse": 0.013594630091087764
      },
      "lightgbm": {
        "mae": 0.00912240891386786,
        "rmse": 0.012813738045290403
      }
    }
  },
  "minmax_scaler": {
    "n_train": 4893,
    "n_val": 1048,
    "n_test": 1049,
    "models": {
      "linear_regression": {
        "mae": 0.008409798172698444,
        "rmse": 0.011922711820575874
      },
      "xgboost": {
        "mae": 0.00997276639655197,
        "rmse": 0.013594630091087764
      },
      "lightgbm": {
        "mae": 0.008891763880062667,
        "rmse": 0.012535042494538181
      }
    }
  },
  "robust_scaler": {
    "n_train": 4893,
    "n_val": 1048,
    "n_test": 1049,
    "models": {
      "linear_regression": {
        "mae": 0.00840979817269844,
        "rmse": 0.011922711820575867
      },
      "xgboost": {
        "mae": 0.00997276639655197,
        "rmse": 0.013594630091087764
      },
      "lightgbm": {
        "mae": 0.00893442514390727,
        "rmse": 0.012626054133747835
      }
    }
  },
  "maxabs_scaler": {
    "n_train": 4893,
    "n_val": 1048,
    "n_test": 1049,
    "models": {
      "linear_regression": {
        "mae": 0.008409798172698447,
        "rmse": 0.011922711820575877
      },
      "xgboost": {
        "mae": 0.00997276639655197,
        "rmse": 0.013594630091087764
      },
      "lightgbm": {
        "mae": 0.009088743310706447,
        "rmse": 0.012682296621414598
      }
    }
  },
  "quantile_transformer": {
    "n_train": 4893,
    "n_val": 1048,
    "n_test": 1049,
    "models": {
      "linear_regression": {
        "mae": 0.00835097370188626,
        "rmse": 0.011799063052148628
      },
      "xgboost": {
        "mae": 0.00997276639655197,
        "rmse": 0.013594630091087764
      },
      "lightgbm": {
        "mae": 0.008891763880062667,
        "rmse": 0.012535333404806795
      }
    }
  },
  "power_transformer": {
    "n_train": 4893,
    "n_val": 1048,
    "n_test": 1049,
    "models": {
      "linear_regression": {
        "mae": 0.008415241594754248,
        "rmse": 0.01193211501821164
      },
      "xgboost": {
        "mae": 0.00997276639655197,
        "rmse": 0.013594630091087764
      },
      "lightgbm": {
        "mae": 0.008970960698632563,
        "rmse": 0.012655487572514765
      }
    }
  },
  "normalizer": {
    "n_train": 4893,
    "n_val": 1048,
    "n_test": 1049,
    "models": {
      "linear_regression": {
        "mae": 0.0083807584053916,
        "rmse": 0.011895003780023445
      },
      "xgboost": {
        "mae": 0.009153804256242164,
        "rmse": 0.012835037514038354
      },
      "lightgbm": {
        "mae": 0.008608302915004641,
        "rmse": 0.012160035474489744
      }
    }
  },
  "rolling_zscore": {
    "n_train": 4826,
    "n_val": 1034,
    "n_test": 1035,
    "models": {
      "linear_regression": {
        "mae": 0.008412887174198322,
        "rmse": 0.011865977215872115
      },
      "xgboost": {
        "mae": 0.009457724807339786,
        "rmse": 0.013335806257229221
      },
      "lightgbm": {
        "mae": 0.008773479480449245,
        "rmse": 0.012502578363313656
      }
    }
  },
  "fractional_differencing": {
    "n_train": 4842,
    "n_val": 1037,
    "n_test": 1039,
    "models": {
      "linear_regression": {
        "mae": 0.008426304058454747,
        "rmse": 0.011894555739192068
      },
      "xgboost": {
        "mae": 0.00961980196083232,
        "rmse": 0.013104313590355306
      },
      "lightgbm": {
        "mae": 0.008667819597205651,
        "rmse": 0.012151733856812315
      }
    }
  },
  "simple_differencing": {
    "n_train": 4892,
    "n_val": 1048,
    "n_test": 1049,
    "models": {
      "linear_regression": {
        "mae": 0.008360529922322264,
        "rmse": 0.011808753650810057
      },
      "xgboost": {
        "mae": 0.008906446627359808,
        "rmse": 0.012524831293645138
      },
      "lightgbm": {
        "mae": 0.008543575942914272,
        "rmse": 0.012063451844382334
      }
    }
  },
  "winsorization": {
    "n_train": 4893,
    "n_val": 1048,
    "n_test": 1049,
    "models": {
      "linear_regression": {
        "mae": 0.008405777079013025,
        "rmse": 0.011905855033661605
      },
      "xgboost": {
        "mae": 0.009762523946709178,
        "rmse": 0.013276401842362782
      },
      "lightgbm": {
        "mae": 0.008974722245444034,
        "rmse": 0.0125668109364402
      }
    }
  },
  "log_transform": {
    "n_train": 4893,
    "n_val": 1048,
    "n_test": 1049,
    "models": {
      "linear_regression": {
        "mae": 0.008397041578113607,
        "rmse": 0.011913103701123291
      },
      "xgboost": {
        "mae": 0.00981976418773612,
        "rmse": 0.013456108429931533
      },
      "lightgbm": {
        "mae": 0.009088743310706447,
        "rmse": 0.012682296621414598
      }
    }
  },
  "gaussian_quantile_transform": {
    "n_train": 4893,
    "n_val": 1048,
    "n_test": 1049,
    "models": {
      "linear_regression": {
        "mae": 0.008398869137852413,
        "rmse": 0.011872519226058906
      },
      "xgboost": {
        "mae": 0.00997276639655197,
        "rmse": 0.013594630091087764
      },
      "lightgbm": {
        "mae": 0.008897156210264387,
        "rmse": 0.012590609118880138
      }
    }
  }
}