{
  "method": "robust_scaler",
  "median": {
    "open": 103320.72,
    "high": 103637.09,
    "low": 102960.83499999999,
    "close": 103314.375,
    "volume": 627.71482,
    "ind_EMA": 103500.43071269157,
    "ind_RSI_14": 50.35415722308025,
    "ind_MACD_12_26_9": 16.317156827732106,
    "ind_MACD_SIGNAL_12_26_9": 15.134655374199344,
    "ind_MACD_hist": -2.914158154384509,
    "pat_DOJI": 0.0,
    "pat_ENGULFING": 0.0
  },
  "iqr": {
    "open": 20084.5475,
    "high": 19991.164999999994,
    "low": 20046.76250000001,
    "close": 20084.869999999995,
    "volume": 702.0373875,
    "ind_EMA": 20271.1892627677,
    "ind_RSI_14": 15.710132669103274,
    "ind_MACD_12_26_9": 536.3214559594344,
    "ind_MACD_SIGNAL_12_26_9": 506.8936813225919,
    "ind_MACD_hist": 170.05292319875582,
    "pat_DOJI": 1.0,
    "pat_ENGULFING": 1.0
  }
}