{
  "method": "winsorization",
  "lower_pct": 0.01,
  "upper_pct": 0.99,
  "lower_bounds": {
    "open": 79776.297,
    "high": 80277.534,
    "low": 79220.086,
    "close": 79776.28749999999,
    "volume": 120.28362,
    "ind_EMA": 80200.65031692229,
    "ind_RSI_14": 22.242026581530155,
    "ind_MACD_12_26_9": -1432.3092248782443,
    "ind_MACD_SIGNAL_12_26_9": -1345.2953273881342,
    "ind_MACD_hist": -429.1892798476266,
    "pat_DOJI": 0.0,
    "pat_ENGULFING": -100.0
  },
  "upper_bounds": {
    "open": 122577.168,
    "high": 122972.4315,
    "low": 122299.91,
    "close": 122577.15800000001,
    "volume": 4856.8448575,
    "ind_EMA": 122554.21641121857,
    "ind_RSI_14": 78.30315945076215,
    "ind_MACD_12_26_9": 1202.8134079705185,
    "ind_MACD_SIGNAL_12_26_9": 1119.7586149254516,
    "ind_MACD_hist": 416.6339995990706,
    "pat_DOJI": 100.0,
    "pat_ENGULFING": 100.0
  }
}