{
  "method": "power_transformer",
  "pt_method": "yeo-johnson",
  "lambdas": {
    "open": 1.4661682955559192,
    "high": 1.4612135294918347,
    "low": 1.4693273182208115,
    "close": 1.4655746874341318,
    "volume": -0.14591039680964288,
    "ind_EMA": 1.4796806541060916,
    "ind_RSI_14": 1.0453799812610718,
    "ind_MACD_12_26_9": 1.0154262400053575,
    "ind_MACD_SIGNAL_12_26_9": 1.015351878951486,
    "ind_MACD_hist": 0.9979230052828024,
    "pat_DOJI": -1.4765624637812533,
    "pat_ENGULFING": 1.0046834782710112
  }
}